{
    "containerDefinitions": [
        {
            "essential": true,
            "image": "mongo",
            "mountPoints": [
                {
                    "containerPath": "/data/db",
                    "sourceVolume": "Data-Volume"
                }
            ],
            "name": "mongo",
            "portMappings": [
                {
                    "containerPort": 27017,
                    "hostPort": 27017
                }
            ]
        },
        {
            "command": [
                "bash",
                "-c",
                "cd server && npm i && npm run dev"
            ],
            "essential": true,
            "mountPoints": [
                {
                    "containerPath": "/appserver/server",
                    "sourceVolume": "_Server"
                }
            ],
            "name": "server",
            "portMappings": [
                {
                    "containerPort": 3000,
                    "hostPort": 3000
                }
            ]
        }
    ],
    "family": "",
    "volumes": [
        {
            "host": {
                "sourcePath": "data-volume"
            },
            "name": "Data-Volume"
        },
        {
            "host": {
                "sourcePath": "./server"
            },
            "name": "_Server"
        }
    ]
}

